name,x,y,z
tower, 47.64110097309533, -122.13914115070773, tower_point
